Metric,Logistic (Mean),Logistic (Std),RF Tuned (Mean),RF Tuned (Std)
accuracy,0.7855753337263639,0.002208628525148682,0.8757420912081813,0.0011344026609911284
f1,0.7837694739098942,0.002728454276722229,0.8723444130792826,0.0012638437037236364
precision,0.7904586371466509,0.004863275921256782,0.8968634791417797,0.0012986798397047537
recall,0.7772769155093151,0.007572096357088214,0.8491343932883646,0.002231956035438507
roc_auc,0.8752457255590054,0.003106746980320536,0.9488193061137666,0.001038676172411021
