,mae,rmse,mape
MA(6),0.04342093923819009,0.052568621967251115,10.38872420430752
MA(3),0.056792947906556236,0.0675267059633821,13.503336486834167
"ARIMA(1,1,1)",0.07048064213823634,0.08093644881884894,16.890570804401627
Naive,0.07182619967241598,0.08194407120190228,17.2421592675513
"ARIMA(2,1,2)",0.07226731830655275,0.08284679067483236,17.32591186836182
Exp. Smoothing,0.08195772576635794,0.09123757374222766,19.813530856824546
